{"severity": 1, "impactZone": {"radius": 1000, "center": {"y": 1062.6491186545602, "x": 3129.312649873927}}, "timeoffset": 544.7287792315149, "duration": 900.0, "message": "earthquake alert!", "emergencyType": "earthquake"}
{"severity": 1, "impactZone": {"radius": 100, "center": {"y": 1968.1967501138033, "x": 1127.8053955292053}}, "timeoffset": 8614.212485354974, "duration": 1800.0, "message": "shooting alert!", "emergencyType": "shooting"}
{"severity": 1, "impactZone": {"radius": 100, "center": {"y": 2309.745211614621, "x": 2168.660836805575}}, "timeoffset": 8624.581764007551, "duration": 1800.0, "message": "shooting alert!", "emergencyType": "shooting"}
{"severity": 1, "impactZone": {"radius": 100, "center": {"y": 1966.3040578016355, "x": 1127.474644817478}}, "timeoffset": 8744.658956611867, "duration": 1800.0, "message": "shooting alert!", "emergencyType": "shooting"}
{"severity": 1, "impactZone": {"radius": 100, "center": {"y": 2314.794199322034, "x": 2173.2004891304614}}, "timeoffset": 8816.70866435338, "duration": 1800.0, "message": "shooting alert!", "emergencyType": "shooting"}
{"severity": 1, "impactZone": {"radius": 2000, "center": {"y": 1594.8950131515867, "x": 35.754862851402294}}, "timeoffset": 8823.177866108399, "duration": 21600.0, "message": "hurricane alert!", "emergencyType": "hurricane"}
{"severity": 1, "impactZone": {"radius": 2000, "center": {"y": 1819.2040230321675, "x": 194.2382658639852}}, "timeoffset": 8837.351219729844, "duration": 21600.0, "message": "hurricane alert!", "emergencyType": "hurricane"}
{"severity": 1, "impactZone": {"radius": 100, "center": {"y": 1960.605303471729, "x": 1124.5678131528628}}, "timeoffset": 8980.012617487704, "duration": 1800.0, "message": "shooting alert!", "emergencyType": "shooting"}
{"severity": 1, "impactZone": {"radius": 2000, "center": {"y": 1677.360435804478, "x": 308.1064362081705}}, "timeoffset": 9021.336177687906, "duration": 21600.0, "message": "hurricane alert!", "emergencyType": "hurricane"}
{"severity": 1, "impactZone": {"radius": 100, "center": {"y": 2316.210015334742, "x": 2161.1273673578853}}, "timeoffset": 9034.33712191891, "duration": 1800.0, "message": "shooting alert!", "emergencyType": "shooting"}
{"severity": 1, "impactZone": {"radius": 2000, "center": {"y": 1870.203847318286, "x": 0.0}}, "timeoffset": 9120.026753781489, "duration": 21600.0, "message": "hurricane alert!", "emergencyType": "hurricane"}
{"severity": 1, "impactZone": {"radius": 100, "center": {"y": 2322.754274058772, "x": 2155.082681694324}}, "timeoffset": 9126.278898117691, "duration": 1800.0, "message": "shooting alert!", "emergencyType": "shooting"}
{"severity": 1, "impactZone": {"radius": 2000, "center": {"y": 1941.5899631286522, "x": 82.13884993266373}}, "timeoffset": 9169.510453490786, "duration": 21600.0, "message": "hurricane alert!", "emergencyType": "hurricane"}
{"severity": 1, "impactZone": {"radius": 2000, "center": {"y": 1877.776342451758, "x": 0.0}}, "timeoffset": 9252.070267222793, "duration": 21600.0, "message": "hurricane alert!", "emergencyType": "hurricane"}
{"severity": 1, "impactZone": {"radius": 100, "center": {"y": 2305.736664559732, "x": 2163.193693101939}}, "timeoffset": 9363.869854988254, "duration": 1800.0, "message": "shooting alert!", "emergencyType": "shooting"}
{"severity": 1, "impactZone": {"radius": 2000, "center": {"y": 1963.4067007980775, "x": 287.03262818839045}}, "timeoffset": 9404.15214687227, "duration": 21600.0, "message": "hurricane alert!", "emergencyType": "hurricane"}
{"severity": 1, "impactZone": {"radius": 2000, "center": {"y": 1912.295180354052, "x": 0.0}}, "timeoffset": 9411.99462737751, "duration": 21600.0, "message": "hurricane alert!", "emergencyType": "hurricane"}
{"severity": 1, "impactZone": {"radius": 1000, "center": {"y": 1125.8286591078788, "x": 2953.27965426458}}, "timeoffset": 552.2465166866674, "duration": 900.0, "message": "earthquake alert!", "emergencyType": "earthquake"}
{"severity": 1, "impactZone": {"radius": 1000, "center": {"y": 1084.231112390384, "x": 3087.4596970253515}}, "timeoffset": 552.3099638510221, "duration": 900.0, "message": "earthquake alert!", "emergencyType": "earthquake"}
{"severity": 1, "impactZone": {"radius": 2000, "center": {"y": 1962.4008047996138, "x": 158.51100415863922}}, "timeoffset": 3397.665398421179, "duration": 21600.0, "message": "hurricane alert!", "emergencyType": "hurricane"}
{"severity": 1, "impactZone": {"radius": 100, "center": {"y": 494.3985262980852, "x": 1495.5716685075035}}, "timeoffset": 3423.687909658144, "duration": 1800.0, "message": "shooting alert!", "emergencyType": "shooting"}
{"severity": 1, "impactZone": {"radius": 100, "center": {"y": 501.7821469793283, "x": 1500.962927477502}}, "timeoffset": 3444.196514705895, "duration": 1800.0, "message": "shooting alert!", "emergencyType": "shooting"}
{"severity": 1, "impactZone": {"radius": 100, "center": {"y": 487.95305627125884, "x": 1493.687366520081}}, "timeoffset": 3445.731493269388, "duration": 1800.0, "message": "shooting alert!", "emergencyType": "shooting"}
{"severity": 1, "impactZone": {"radius": 100, "center": {"y": 501.16335929230536, "x": 1490.0891061228886}}, "timeoffset": 3552.5028124887217, "duration": 1800.0, "message": "shooting alert!", "emergencyType": "shooting"}
{"severity": 1, "impactZone": {"radius": 100, "center": {"y": 502.22302754430996, "x": 1491.7564564936852}}, "timeoffset": 3567.8526508935297, "duration": 1800.0, "message": "shooting alert!", "emergencyType": "shooting"}
{"severity": 1, "impactZone": {"radius": 100, "center": {"y": 496.218669029446, "x": 1488.2245555562056}}, "timeoffset": 3596.6969923701045, "duration": 1800.0, "message": "shooting alert!", "emergencyType": "shooting"}
{"severity": 1, "impactZone": {"radius": 1000, "center": {"y": 1039.6499153450393, "x": 3123.325361735557}}, "timeoffset": 562.0554625083142, "duration": 900.0, "message": "earthquake alert!", "emergencyType": "earthquake"}
{"severity": 1, "impactZone": {"radius": 2000, "center": {"y": 1785.0690477326564, "x": 49.41762806863048}}, "timeoffset": 3372.471004386358, "duration": 21600.0, "message": "hurricane alert!", "emergencyType": "hurricane"}
{"severity": 1, "impactZone": {"radius": 2000, "center": {"y": 1708.362552594993, "x": 0.0}}, "timeoffset": 3774.7197126393944, "duration": 21600.0, "message": "hurricane alert!", "emergencyType": "hurricane"}
{"severity": 1, "impactZone": {"radius": 2000, "center": {"y": 1973.9310524499485, "x": 48.59895631447503}}, "timeoffset": 3779.247402969715, "duration": 21600.0, "message": "hurricane alert!", "emergencyType": "hurricane"}
{"severity": 1, "impactZone": {"radius": 2000, "center": {"y": 1698.0659705872574, "x": 284.03405775559895}}, "timeoffset": 3819.109489796108, "duration": 21600.0, "message": "hurricane alert!", "emergencyType": "hurricane"}
{"severity": 1, "impactZone": {"radius": 2000, "center": {"y": 1841.690047809145, "x": 96.9571247642022}}, "timeoffset": 3896.082770069349, "duration": 21600.0, "message": "hurricane alert!", "emergencyType": "hurricane"}
{"severity": 1, "impactZone": {"radius": 2000, "center": {"y": 1797.4976473816337, "x": 184.05259858182606}}, "timeoffset": 3949.348473935582, "duration": 21600.0, "message": "hurricane alert!", "emergencyType": "hurricane"}
{"severity": 1, "impactZone": {"radius": 2000, "center": {"y": 1868.5636848794945, "x": 283.3310447915004}}, "timeoffset": 3994.030896790277, "duration": 21600.0, "message": "hurricane alert!", "emergencyType": "hurricane"}
{"severity": 1, "impactZone": {"radius": 1000, "center": {"y": 1106.2051362501868, "x": 3027.6638012693365}}, "timeoffset": 839.1417321890333, "duration": 900.0, "message": "earthquake alert!", "emergencyType": "earthquake"}
{"severity": 1, "impactZone": {"radius": 2000, "center": {"y": 1725.5804871152484, "x": 137.67125483650793}}, "timeoffset": 4143.039587704073, "duration": 21600.0, "message": "hurricane alert!", "emergencyType": "hurricane"}
{"severity": 1, "impactZone": {"radius": 100,