{"location":{"y":1034.3156129236318,"x":2213.388650314581},"name":"shelter-2"}
{"location":{"y":1072.9328166555742,"x":2281.2199042139255},"name":"shelter-5"}
{"location":{"y":1120.5902947698278,"x":1122.549819800065},"name":"shelter-14"}
{"location":{"y":1132.4456505102542,"x":1204.3678162041986},"name":"shelter-12"}
{"location":{"y":1161.1447127819486,"x":1252.1680399195404},"name":"shelter-17"}
{"location":{"y":1278.8557317744594,"x":470.2280392359766},"name":"shelter-0"}
{"location":{"y":1332.9104014692357,"x":2395.422700514185},"name":"shelter-13"}
{"location":{"y":133.66401619585952,"x":919.1915229734167},"name":"shelter-15"}
{"location":{"y":1647.7350053773175,"x":2752.034648144217},"name":"shelter-1"}
{"location":{"y":1664.717890656795,"x":2778.3896747604103},"name":"shelter-10"}
{"location":{"y":1734.256222892196,"x":2261.9239954639866},"name":"shelter-16"}
{"location":{"y":2184.8497733629274,"x":2255.838851195606},"name":"shelter-18"}
{"location":{"y":2335.672206377253,"x":1202.0618546553872},"name":"shelter-6"}
{"location":{"y":321.5110270732527,"x":1535.670625589239},"name":"shelter-11"}
{"location":{"y":649.3435769531075,"x":2399.727484433752},"name":"shelter-3"}
{"location":{"y":689.3440494141108,"x":748.6179199904606},"name":"shelter-8"}
{"location":{"y":705.3270861560003,"x":1084.012158062442},"name":"shelter-7"}
{"location":{"y":70.89206925175726,"x":1446.2172738348631},"name":"shelter-19"}
{"location":{"y":736.0480221064383,"x":1317.0156876092055},"name":"shelter-4"}
{"location":{"y":989.0529077893551,"x":3678.3161205171214},"name":"shelter-9"}
